Zero Down Payment | Zero Processing Fee | Zero Effective Interest 2019-05-20 18:35:12.447591
Exclusive Hotels which allow Unmarried Couples, accept Local IDs 2019-05-20 18:35:12.447654
Upto Rs.2500 Off on Flights, Upto Rs.5000 Off on Hotels  2019-05-20 18:35:12.447717
SpiceJet business class @ Rs.1000* OFF 2019-05-20 18:35:12.447777
Trujet fares starting Rs.999 All inclusive! 2019-05-20 18:35:12.447836
Exclusive Offer for everyone, Book Cheap Flight Tickets 2019-05-20 18:35:12.447898
Travel the Way you want with 100% Money Back Guarantee 2019-05-20 18:35:12.447942
Trending: Free Visa on Arrival for Thailand 2019-05-20 18:35:12.447984
Upto 50% Instant Off on Domestic Hotels 2019-05-20 18:35:12.448024
Use 100% of your goCash+ upto Rs100 on train booking 2019-05-20 18:35:12.448065
Prices starting @ Rs.599 on goStays Hotels 2019-05-20 18:35:12.448105
Upto 60% Cashback on Domestic Hotels 2019-05-20 18:35:12.448145
Buy 1 & Get 1 Night Absolutely Free!  2019-05-20 18:35:12.448188
Get Flat 25% Off (upto Rs.250) on your First Cab Booking 2019-05-20 18:35:12.448214
 Big Bus Sale. use Promocode: BIGBUS 2019-05-20 18:35:12.448237
Huge Discount on Buses. Use Promocode: GOBUS150 2019-05-20 18:35:12.448260
Upto 5% OFF on Malaysia Airlines + Biz Class starting @ â‚¹37,000! 2019-05-20 18:35:12.448286
Get Upto Rs.10000  Instant Off on Int'l Flights 2019-05-20 18:35:12.448310
Upto Rs.10,000 Off On Domestic Hotels 2019-05-20 18:35:12.448331
Upto 35% off on International Hotels 2019-05-20 18:35:12.448353
Upto Rs.1000 Instant Off on Domestic Flights using code UDAN 2019-05-20 18:35:12.448377
Flat 10%  OFF on all airport transfers 2019-05-20 18:35:12.448399
Introducing Cabs Insurance @ Rs.39 Only.  2019-05-20 18:35:12.448421
Invite your Friends & Earn Rs.150 goCash+ per Friend. 2019-05-20 18:35:12.448443
Offers,Time
